URL,Version,Status,OIDs,Name,Title,Descriptino,Uses,Used,Sources
http://cts.nlm.nih.gov/fhir/ValueSet/2.16.840.1.113762.1.4.1010.4,20240606,active,"2.16.840.1.113762.1.4.1010.4",MedicationClinicalDrug,Medication Clinical Drug,"","StructureDefinition/us-core-medicationrequest,StructureDefinition/us-core-medication,StructureDefinition/us-core-medicationdispense",
http://cts.nlm.nih.gov/fhir/ValueSet/2.16.840.1.113762.1.4.1010.6,20250411,active,"2.16.840.1.113762.1.4.1010.6",CVXVaccinesAdministeredVaccineSet,CVX Vaccines Administered Vaccine Set,"","StructureDefinition/us-core-immunization","hl7.terminology"
http://cts.nlm.nih.gov/fhir/ValueSet/2.16.840.1.113762.1.4.1021.121,20250228,active,"2.16.840.1.113762.1.4.1021.121",FederalAdministrativeSex,Federal Administrative Sex,"Name changed to align with federal administrative requirements in 2025","StructureDefinition/us-core-sex","SCT"
http://cts.nlm.nih.gov/fhir/ValueSet/2.16.840.1.113762.1.4.1021.24,20240330,active,"2.16.840.1.113762.1.4.1021.24",BirthSex,Birth Sex,"","StructureDefinition/us-core-birthsex",
http://cts.nlm.nih.gov/fhir/ValueSet/2.16.840.1.113762.1.4.1021.32,20240215,active,"2.16.840.1.113762.1.4.1021.32",GenderIdentity,Gender Identity,"2024-02-14: New version to adjust null values and  allow DAR, and addition of non-binary in the contained snomed set","StructureDefinition/us-core-genderIdentity",
http://cts.nlm.nih.gov/fhir/ValueSet/2.16.840.1.113762.1.4.1099.30,20240605,active,"2.16.840.1.113762.1.4.1099.30",CareTeamMemberFunction,Care Team Member Function,"Created to group the old value set from HL7 code system with the new value set using SNOMEDCT and containing the extended set of care team member roles.","StructureDefinition/us-core-careteam,StructureDefinition/us-core-practitionerrole",
http://cts.nlm.nih.gov/fhir/ValueSet/2.16.840.1.113762.1.4.1099.54,20240606,active,"2.16.840.1.113762.1.4.1099.54",SpecimenType,Specimen type,"","StructureDefinition/us-core-specimen","SCT"
http://cts.nlm.nih.gov/fhir/ValueSet/2.16.840.1.113762.1.4.1115.41,20250407,active,"2.16.840.1.113762.1.4.1115.41",AdvanceHealthcareDirectiveDocumentTypesGrouper,Advance Healthcare Directive Document Types Grouper,"","StructureDefinition/us-core-adi-documentreference",
http://cts.nlm.nih.gov/fhir/ValueSet/2.16.840.1.113762.1.4.1166.22,20230802,active,"2.16.840.1.113762.1.4.1166.22",PregnancyIntention,Pregnancy Intention,"Value set used in family planning annual report (FPAR).","StructureDefinition/us-core-observation-pregnancyintent","SCT"
http://cts.nlm.nih.gov/fhir/ValueSet/2.16.840.1.113762.1.4.1186.8,20240625,active,"2.16.840.1.113762.1.4.1186.8",CommonSubstancesForAllergyAndIntoleranceDocumentationIncludingRefutations,Common substances for allergy and intolerance documentation including refutations,"As noted in https://jira.hl7.org/browse/FHIR-32953, Drug class value set changed 2021-06-21 to align with C-CDA member value set 2.16.840.1.113762.1.4.1114.14","StructureDefinition/us-core-allergyintolerance",
http://cts.nlm.nih.gov/fhir/ValueSet/2.16.840.1.113762.1.4.1240.11,20231129,active,"2.16.840.1.113762.1.4.1240.11",SexualOrientationIncludingNullsAndDataAbsentReason,Sexual Orientation Including nulls and Data Absent Reason,"","StructureDefinition/us-core-observation-sexual-orientation",
http://cts.nlm.nih.gov/fhir/ValueSet/2.16.840.1.113762.1.4.1240.12,20240906,active,"2.16.840.1.113762.1.4.1240.12",PregnancyStatusObservation,Pregnancy Status Observation,"","StructureDefinition/us-core-observation-pregnancystatus",
http://cts.nlm.nih.gov/fhir/ValueSet/2.16.840.1.113762.1.4.1240.8,20231025,active,"2.16.840.1.113762.1.4.1240.8",MedicationAdherence,Medication Adherence,"This value set may change until publication of USCDI V4 representation in US Core and C-CDA is published in 2024","StructureDefinition/us-core-medication-adherence",
http://cts.nlm.nih.gov/fhir/ValueSet/2.16.840.1.113762.1.4.1247.71,20241214,active,"2.16.840.1.113762.1.4.1247.71",SocialDeterminantsOfHealthGoals,Social Determinants of Health Goals,"","StructureDefinition/us-core-goal",
http://cts.nlm.nih.gov/fhir/ValueSet/2.16.840.1.113762.1.4.1267.11,20240329,active,"2.16.840.1.113762.1.4.1267.11",InformationSourceForMedicationAdherence,Information Source for Medication Adherence,"","StructureDefinition/us-core-medication-adherence",
http://cts.nlm.nih.gov/fhir/ValueSet/2.16.840.1.113762.1.4.1267.13,20241008,active,"2.16.840.1.113762.1.4.1267.13",ScreeningAndAssessmentSurveyCodes,Screening and Assessment Survey Codes,"All LOINC survey codes","StructureDefinition/us-core-observation-screening-assessment","LOINC"
http://cts.nlm.nih.gov/fhir/ValueSet/2.16.840.1.113762.1.4.1267.16,20241005,active,"2.16.840.1.113762.1.4.1267.16",AnswerSetWithYesNoAndUnknowns,Answer Set with Yes No and Unknowns,"","StructureDefinition/us-core-interpreter-needed,StructureDefinition/us-core-observation-adi-documentation",
http://cts.nlm.nih.gov/fhir/ValueSet/2.16.840.1.113762.1.4.1267.22,20241015,active,"2.16.840.1.113762.1.4.1267.22",RouteOfAdministrationOfTherapeuticAgents,Route of Administration of Therapeutic Agents,"","StructureDefinition/us-core-medicationrequest,StructureDefinition/us-core-medicationdispense",
http://cts.nlm.nih.gov/fhir/ValueSet/2.16.840.1.113762.1.4.1267.23,20250510,active,"2.16.840.1.113762.1.4.1267.23",EncounterType,Encounter Type,"","StructureDefinition/us-core-encounter",
http://cts.nlm.nih.gov/fhir/ValueSet/2.16.840.1.113762.1.4.1267.24,20241105,active,"2.16.840.1.113762.1.4.1267.24",SpecimenConditionSCT,Specimen Condition SCT,"This Specimen Condition SCT value set is an enumerated list created by the HL7 Orders and Observation WGâ€™s lab subgroup to complement, without overlapping, the HL7 Specimen Condition value set (http://terminology.hl7.org/ValueSet/v2-0493). It is designed for use with the FHIR R4 Specimen Resource (https://hl7.org/fhir/R4/specimen.html), which has an extensible binding to the HL7 Specimen Condition value set. It can be used elsewhere and will be used in C-CDA. CAVEAT: 20 Additional codes will be added to this set (keeping the same scope) after the next publication of SCT in March 2025","ValueSet/us-core-specimen-condition","SCT"
http://cts.nlm.nih.gov/fhir/ValueSet/2.16.840.1.113762.1.4.1267.25,20250419,active,"2.16.840.1.113762.1.4.1267.25",DetailedRaceIncludingAbsenceReasons,Detailed race including absence reasons.,"This value set is based on the US Core Detailed Race value set (http://hl7.org/fhir/us/core/ValueSet/detailed-race) but assigned a new OID due to its slightly different scope. It includes the CDCREC code 2131-1 (Other Race) in place of the HL7 nullFlavor code ""OTH"" (Other)","StructureDefinition/us-core-race",
http://cts.nlm.nih.gov/fhir/ValueSet/2.16.840.1.113762.1.4.1267.3,20240217,active,"2.16.840.1.113762.1.4.1267.3",SmokingStatusComprehensive,Smoking status comprehensive,"","StructureDefinition/us-core-smokingstatus","SCT"
http://cts.nlm.nih.gov/fhir/ValueSet/2.16.840.1.113762.1.4.1267.31,20250516,active,"2.16.840.1.113762.1.4.1267.31",HealthcareServiceLocationTypeCombined,Healthcare Service Location Type Combined,"This value set consolidates encounter type codes from the two code systems permitted by USCDI for representing encounter location, as specified in USCDI v5.(https://www.healthit.gov/isp/taxonomy/term/1336/uscdi-v5)","StructureDefinition/us-core-location",
http://cts.nlm.nih.gov/fhir/ValueSet/2.16.840.1.113762.1.4.1267.6,20240222,active,"2.16.840.1.113762.1.4.1267.6",SmokingStatusType,Smoking Status Type,"","StructureDefinition/us-core-smokingstatus",
http://cts.nlm.nih.gov/fhir/ValueSet/2.16.840.1.113883.11.20.9.69.4,20250402,active,"2.16.840.1.113883.11.20.9.69.4",AdvanceHealthcareDirectiveCategoriesLOINC,Advance Healthcare Directive Categories LOINC,"","StructureDefinition/us-core-adi-documentreference","LOINC"
http://cts.nlm.nih.gov/fhir/ValueSet/2.16.840.1.113883.3.88.12.80.62,20240322,active,"2.16.840.1.113883.3.88.12.80.62",VitalSignResultType,Vital Sign Result Type,"","StructureDefinition/pediatric-bmi-for-age,StructureDefinition/us-core-pulse-oximetry,StructureDefinition/us-core-bmi,StructureDefinition/head-occipital-frontal-circumference-percentile,StructureDefinition/us-core-respiratory-rate,StructureDefinition/us-core-body-temperature,StructureDefinition/us-core-vital-signs,StructureDefinition/us-core-heart-rate,StructureDefinition/us-core-head-circumference,StructureDefinition/pediatric-weight-for-height,StructureDefinition/us-core-body-weight,StructureDefinition/us-core-body-height,StructureDefinition/us-core-blood-pressure","LOINC"
http://cts.nlm.nih.gov/fhir/ValueSet/2.16.840.1.113883.4.642.2.575,20250419,active,"2.16.840.1.113883.4.642.2.575",RaceCategories,Race Categories,"The HL7 OID used in the US Core Implementation Guide value set (http://hl7.org/fhir/us/core/ValueSet/omb-ethnicity-category) has been retained here, as the value set content is identical. However, the preferred reference is now the VSAC-hosted version, since both US Core and C-CDA will reference this set going forward","StructureDefinition/us-core-race",
http://cts.nlm.nih.gov/fhir/ValueSet/2.16.840.1.113883.4.642.40.2.48.1,20250419,active,"2.16.840.1.113883.4.642.40.2.48.1",DetailedEthnicityIncludingAbsenceReasons,Detailed Ethnicity Including Absence Reasons,"This value set was replicated from US Core's Detailed Ethnicity Set (http://hl7.org/fhir/us/core/ValueSet/detailed-ethnicity) and reuses the HL7 provided OID as it retains the same scope.","StructureDefinition/us-core-ethnicity",
http://cts.nlm.nih.gov/fhir/ValueSet/2.16.840.1.113883.4.642.40.2.48.3,20250419,active,"2.16.840.1.113883.4.642.40.2.48.3",EthnicityCategories,Ethnicity Categories,"The HL7 OID used in the US Core Implementation Guide value set (http://hl7.org/fhir/us/core/ValueSet/omb-ethnicity-category) has been retained here, as the value set content is identical. However, the preferred reference is now the VSAC-hosted version, since both US Core and C-CDA will reference this set going forward. Additionally, the US Core IG-based value set does not currently support expansion, making the VSAC version more suitable for implementation.","StructureDefinition/us-core-ethnicity",
http://cts.nlm.nih.gov/fhir/ValueSet/2.16.840.1.114222.4.11.1066,20240606,active,"2.16.840.1.114222.4.11.1066",HealthcareProviderTaxonomy,Healthcare Provider Taxonomy,"Code system at http://www.nucc.org/index.php?option=com_content&view=article&id=14&Itemid=125","StructureDefinition/us-core-practitionerrole","Other"
http://cts.nlm.nih.gov/fhir/ValueSet/2.16.840.1.114222.4.11.3591,20250419,active,"2.16.840.1.114222.4.11.3591",PayerType,Payer Type,"2025 April version was changed to reduce the amount of granular vs higher level categories of insurance (payer) types. Note that the code system from where these codes are drawn is now owned by the CDC and not owned by NAHDO. CDC Contact: sopt@cdc.gov","StructureDefinition/us-core-coverage","Internal"
http://hl7.org/fhir/ValueSet/additional-instruction-codes,4.0.1,draft,"2.16.840.1.113883.4.642.3.95",SNOMEDCTAdditionalDosageInstructions,SNOMED CT Additional Dosage Instructions,"This value set includes all SNOMED CT Additional Dosage Instructions.","StructureDefinition/us-core-medicationrequest,StructureDefinition/us-core-medicationdispense","SCT"
http://hl7.org/fhir/ValueSet/address-type,4.0.1,active,"2.16.840.1.113883.4.642.3.69",AddressType,AddressType,"The type of an address (physical / postal).","StructureDefinition/us-core-practitioner,StructureDefinition/us-core-patient,StructureDefinition/us-core-location,StructureDefinition/us-core-organization","hl7.fhir.r4.core"
http://hl7.org/fhir/ValueSet/address-use,4.0.1,active,"2.16.840.1.113883.4.642.3.67",AddressUse,AddressUse,"The use of an address.","StructureDefinition/us-core-practitioner,StructureDefinition/us-core-patient,StructureDefinition/us-core-location,StructureDefinition/us-core-organization","hl7.fhir.r4.core"
http://hl7.org/fhir/ValueSet/administration-method-codes,4.0.1,draft,"2.16.840.1.113883.4.642.3.97",SNOMEDCTAdministrationMethodCodes,SNOMED CT Administration Method Codes,"This value set includes some method codes from SNOMED CT - provided as an exemplar","StructureDefinition/us-core-medicationrequest,StructureDefinition/us-core-medicationdispense","SCT"
http://hl7.org/fhir/ValueSet/administrative-gender,4.0.1,active,"2.16.840.1.113883.4.642.3.1",AdministrativeGender,AdministrativeGender,"The gender of a person used for administrative purposes.","StructureDefinition/us-core-practitioner,StructureDefinition/us-core-patient,StructureDefinition/us-core-relatedperson","hl7.fhir.r4.core"
http://hl7.org/fhir/ValueSet/allergy-intolerance-category,4.0.1,draft,"2.16.840.1.113883.4.642.3.133",AllergyIntoleranceCategory,AllergyIntoleranceCategory,"Category of an identified substance associated with allergies or intolerances.","StructureDefinition/us-core-allergyintolerance","hl7.fhir.r4.core"
http://hl7.org/fhir/ValueSet/allergy-intolerance-criticality,4.0.1,draft,"2.16.840.1.113883.4.642.3.129",AllergyIntoleranceCriticality,AllergyIntoleranceCriticality,"Estimate of the potential clinical harm, or seriousness, of a reaction to an identified substance.","StructureDefinition/us-core-allergyintolerance","hl7.fhir.r4.core"
http://hl7.org/fhir/ValueSet/allergy-intolerance-type,4.0.1,draft,"2.16.840.1.113883.4.642.3.131",AllergyIntoleranceType,AllergyIntoleranceType,"Identification of the underlying physiological mechanism for a Reaction Risk.","StructureDefinition/us-core-allergyintolerance","hl7.fhir.r4.core"
http://hl7.org/fhir/ValueSet/allergyintolerance-clinical,4.0.1,draft,"2.16.840.1.113883.4.642.3.1372",AllergyIntoleranceClinicalStatusCodes,AllergyIntolerance Clinical Status Codes,"Preferred value set for AllergyIntolerance Clinical Status.","StructureDefinition/us-core-allergyintolerance","THO"
http://hl7.org/fhir/ValueSet/allergyintolerance-verification,4.0.1,draft,"2.16.840.1.113883.4.642.3.1370",AllergyIntoleranceVerificationStatusCodes,AllergyIntolerance Verification Status Codes,"Preferred value set for AllergyIntolerance Verification Status.","StructureDefinition/us-core-allergyintolerance","THO"
http://hl7.org/fhir/ValueSet/approach-site-codes,4.0.1,draft,"2.16.840.1.113883.4.642.3.346",SNOMEDCTAnatomicalStructureForAdministrationSiteCodes,SNOMED CT Anatomical Structure for Administration Site Codes,"This value set includes Anatomical Structure codes from SNOMED CT - provided as an exemplar.","StructureDefinition/us-core-medicationrequest,StructureDefinition/us-core-medicationdispense","SCT"
http://hl7.org/fhir/ValueSet/body-site,4.0.1,draft,"2.16.840.1.113883.4.642.3.141",SNOMEDCTBodyStructures,SNOMED CT Body Structures,"This value set includes all codes from [SNOMED CT](http://snomed.info/sct) where concept is-a 442083009 (Anatomical or acquired body site (body structure)).","StructureDefinition/us-core-specimen,StructureDefinition/pediatric-bmi-for-age,StructureDefinition/us-core-pulse-oximetry,StructureDefinition/us-core-observation-pregnancyintent,StructureDefinition/us-core-procedure,StructureDefinition/us-core-observation-lab,StructureDefinition/head-occipital-frontal-circumference-percentile,StructureDefinition/us-core-bmi,StructureDefinition/us-core-vital-signs,StructureDefinition/us-core-servicerequest,StructureDefinition/us-core-simple-observation,StructureDefinition/us-core-heart-rate,StructureDefinition/us-core-head-circumference,StructureDefinition/us-core-body-height,StructureDefinition/us-core-smokingstatus,StructureDefinition/us-core-care-experience-preference,StructureDefinition/us-core-observation-clinical-result,StructureDefinition/us-core-respiratory-rate,StructureDefinition/us-core-body-temperature,StructureDefinition/us-core-observation-screening-assessment,StructureDefinition/us-core-condition-encounter-diagnosis,StructureDefinition/us-core-condition-problems-health-concerns,StructureDefinition/pediatric-weight-for-height,StructureDefinition/us-core-observation-pregnancystatus,StructureDefinition/us-core-body-weight,StructureDefinition/us-core-observation-occupation,StructureDefinition/us-core-average-blood-pressure,StructureDefinition/us-core-treatment-intervention-preference,StructureDefinition/us-core-observation-adi-documentation,StructureDefinition/us-core-observation-sexual-orientation,StructureDefinition/us-core-blood-pressure","SCT"
http://hl7.org/fhir/ValueSet/c80-doc-typecodes,4.0.1,active,"2.16.840.1.113883.3.88.12.80.47",DocumentTypeValueSet,Document Type Value Set,"This is the code specifying the precise type of document (e.g. Pulmonary History and  Physical, Discharge Summary, Ultrasound Report, etc.). The Document Type value set includes all LOINC  values listed in HITSP C80 Table 2-144 Document Class Value Set Definition above used for Document Class,  and all LOINC values whose SCALE is DOC in the LOINC database.","OperationDefinition/docref","LOINC"
http://hl7.org/fhir/ValueSet/c80-facilitycodes,4.0.1,active,"2.16.840.1.113883.3.88.12.80.67",FacilityTypeCodeValueSet,Facility Type Code Value Set,"This is the code representing the type of organizational setting where the clinical encounter, service, interaction, or treatment occurred. The value set used for Healthcare Facility Type has been defined by HITSP to be the value set reproduced from HITSP C80 Table 2-147.","StructureDefinition/us-core-adi-documentreference,StructureDefinition/us-core-documentreference","SCT"
http://hl7.org/fhir/ValueSet/c80-practice-codes,4.0.1,active,"2.16.840.1.113883.3.88.12.80.72",PracticeSettingCodeValueSet,Practice Setting Code Value Set,"This is the code representing the clinical specialty of the clinician or provider who interacted with, treated, or provided a service to/for the patient. The value set used for clinical specialty has been limited by HITSP to the value set reproduced from HITSP C80 Table 2-149 Clinical Specialty Value Set Definition.","StructureDefinition/us-core-adi-documentreference,StructureDefinition/us-core-documentreference","SCT"
http://hl7.org/fhir/ValueSet/care-plan-activity-kind,4.0.1,draft,"2.16.840.1.113883.4.642.3.145",CarePlanActivityKind,Care Plan Activity Kind,"Resource types defined as part of FHIR that can be represented as in-line definitions of a care plan activity.","StructureDefinition/us-core-careplan","hl7.fhir.r4.core"
http://hl7.org/fhir/ValueSet/care-plan-activity-outcome,4.0.1,draft,"2.16.840.1.113883.4.642.3.149",CarePlanActivityOutcome,Care Plan Activity Outcome,"Example codes indicating the outcome of a care plan activity. Note that these are in no way complete and might not even be appropriate for some uses.","StructureDefinition/us-core-careplan","SCT"
http://hl7.org/fhir/ValueSet/care-plan-activity-status,4.0.1,draft,"2.16.840.1.113883.4.642.3.146",CarePlanActivityStatus,CarePlanActivityStatus,"Codes that reflect the current state of a care plan activity within its overall life cycle.","StructureDefinition/us-core-careplan","hl7.fhir.r4.core"
http://hl7.org/fhir/ValueSet/care-plan-category,4.0.1,draft,"2.16.840.1.113883.4.642.3.148",CarePlanCategory,Care Plan Category,"Example codes indicating the category a care plan falls within.  Note that these are in no way complete and might not even be appropriate for some uses.","StructureDefinition/us-core-careplan","SCT"
http://hl7.org/fhir/ValueSet/care-plan-intent,4.0.1,draft,"2.16.840.1.113883.4.642.3.150",CarePlanIntent,Care Plan Intent,"Codes indicating the degree of authority/intentionality associated with a care plan.","StructureDefinition/us-core-careplan","hl7.fhir.r4.core"
http://hl7.org/fhir/ValueSet/care-team-category,4.0.1,draft,"2.16.840.1.113883.4.642.3.155",CareTeamCategory,Care Team category,"Indicates the type of care team.","StructureDefinition/us-core-careteam","LOINC"
http://hl7.org/fhir/ValueSet/care-team-status,4.0.1,draft,"2.16.840.1.113883.4.642.3.153",CareTeamStatus,CareTeamStatus,"Indicates the status of the care team.","StructureDefinition/us-core-careteam","hl7.fhir.r4.core"
http://hl7.org/fhir/ValueSet/clinical-findings,4.0.1,draft,"2.16.840.1.113883.4.642.3.232",SNOMEDCTClinicalFindings,SNOMED CT Clinical Findings,"This value set includes all the ""Clinical finding"" [SNOMED CT](http://snomed.info/sct) codes - concepts where concept is-a 404684003 (Clinical finding (finding)).","StructureDefinition/us-core-diagnosticreport-note,StructureDefinition/us-core-diagnosticreport-lab,StructureDefinition/us-core-goal,StructureDefinition/us-core-careteam,StructureDefinition/us-core-careplan,StructureDefinition/us-core-allergyintolerance","SCT"
http://hl7.org/fhir/ValueSet/common-tags,4.0.1,draft,"2.16.840.1.113883.4.642.3.79",CommonTags,Common Tags,"Common Tag Codes defined by FHIR project","StructureDefinition/us-core-diagnosticreport-lab,StructureDefinition/us-core-condition-problems-health-concerns,StructureDefinition/us-core-encounter,StructureDefinition/us-core-observation-lab","THO"
http://hl7.org/fhir/ValueSet/composition-status,4.0.1,draft,"2.16.840.1.113883.4.642.3.241",CompositionStatus,CompositionStatus,"The workflow/clinical status of the composition.","StructureDefinition/us-core-adi-documentreference,StructureDefinition/us-core-documentreference","hl7.fhir.r4.core"
http://hl7.org/fhir/ValueSet/condition-category,4.0.1,draft,"2.16.840.1.113883.4.642.3.162",ConditionCategoryCodes,Condition Category Codes,"Preferred value set for Condition Categories.","StructureDefinition/us-core-condition-problems-health-concerns,StructureDefinition/us-core-condition-encounter-diagnosis","THO"
http://hl7.org/fhir/ValueSet/condition-clinical,4.0.1,draft,"2.16.840.1.113883.4.642.3.164",ConditionClinicalStatusCodes,Condition Clinical Status Codes,"Preferred value set for Condition Clinical Status.","StructureDefinition/us-core-condition-problems-health-concerns,StructureDefinition/us-core-condition-encounter-diagnosis","THO"
http://hl7.org/fhir/ValueSet/condition-code,4.0.1,draft,"2.16.840.1.113883.4.642.3.161",Condition/Problem/DiagnosisCodes,Condition/Problem/Diagnosis Codes,"Example value set for Condition/Problem/Diagnosis codes.","StructureDefinition/us-core-procedure","SCT"
http://hl7.org/fhir/ValueSet/condition-severity,4.0.1,draft,"2.16.840.1.113883.4.642.3.168",Condition/DiagnosisSeverity,Condition/Diagnosis Severity,"Preferred value set for Condition/Diagnosis severity grading.","StructureDefinition/us-core-condition-problems-health-concerns,StructureDefinition/us-core-condition-encounter-diagnosis","SCT"
http://hl7.org/fhir/ValueSet/condition-stage,4.0.1,draft,"2.16.840.1.113883.4.642.3.170",ConditionStage,Condition Stage,"Example value set for stages of cancer and other conditions.","StructureDefinition/us-core-condition-problems-health-concerns,StructureDefinition/us-core-condition-encounter-diagnosis","SCT"
http://hl7.org/fhir/ValueSet/condition-stage-type,4.0.1,draft,"2.16.840.1.113883.4.642.3.171",ConditionStageType,Condition Stage Type,"Example value set for the type of stages of cancer and other conditions","StructureDefinition/us-core-condition-problems-health-concerns,StructureDefinition/us-core-condition-encounter-diagnosis","SCT"
http://hl7.org/fhir/ValueSet/condition-ver-status,4.0.1,draft,"2.16.840.1.113883.4.642.3.166",ConditionVerificationStatus,ConditionVerificationStatus,"The verification status to support or decline the clinical status of the condition or diagnosis.","StructureDefinition/us-core-condition-problems-health-concerns,StructureDefinition/us-core-condition-encounter-diagnosis","THO"
http://hl7.org/fhir/ValueSet/contact-point-system,4.0.1,active,"2.16.840.1.113883.4.642.3.71",ContactPointSystem,ContactPointSystem,"Telecommunications form for contact point.","StructureDefinition/us-core-practitioner,StructureDefinition/us-core-patient,StructureDefinition/us-core-practitionerrole,StructureDefinition/us-core-organization","hl7.fhir.r4.core"
http://hl7.org/fhir/ValueSet/contact-point-use,4.0.1,active,"2.16.840.1.113883.4.642.3.73",ContactPointUse,ContactPointUse,"Use of contact point.","StructureDefinition/us-core-practitioner,StructureDefinition/us-core-patient,StructureDefinition/us-core-practitionerrole,StructureDefinition/us-core-organization","hl7.fhir.r4.core"
http://hl7.org/fhir/ValueSet/contactentity-type,4.0.1,draft,"2.16.840.1.113883.4.642.3.416",ContactEntityType,Contact entity type,"This example value set defines a set of codes that can be used to indicate the purpose for which you would contact a contact party.","StructureDefinition/us-core-organization","THO"
http://hl7.org/fhir/ValueSet/coverage-class,4.0.1,draft,"2.16.840.1.113883.4.642.3.1009",CoverageClassCodes,Coverage Class Codes,"This value set includes Coverage Class codes.","StructureDefinition/us-core-coverage","THO"
http://hl7.org/fhir/ValueSet/coverage-copay-type,4.0.1,draft,"2.16.840.1.113883.4.642.3.527",CoverageCopayTypeCodes,Coverage Copay Type Codes,"This value set includes sample Coverage Copayment Type codes.","StructureDefinition/us-core-coverage","THO"
http://hl7.org/fhir/ValueSet/coverage-financial-exception,4.0.1,draft,"2.16.840.1.113883.4.642.3.1328",ExampleCoverageFinancialExceptionCodes,Example Coverage Financial Exception Codes,"This value set includes Example Coverage Financial Exception Codes.","StructureDefinition/us-core-coverage","THO"
http://hl7.org/fhir/ValueSet/data-absent-reason,4.0.1,active,"2.16.840.1.113883.4.642.3.5",DataAbsentReason,DataAbsentReason,"Used to specify why the normally expected content of the data element is missing.","StructureDefinition/pediatric-bmi-for-age,StructureDefinition/us-core-pulse-oximetry,StructureDefinition/us-core-observation-pregnancyintent,StructureDefinition/us-core-observation-lab,StructureDefinition/head-occipital-frontal-circumference-percentile,StructureDefinition/us-core-bmi,StructureDefinition/us-core-vital-signs,StructureDefinition/us-core-simple-observation,StructureDefinition/us-core-heart-rate,StructureDefinition/us-core-head-circumference,StructureDefinition/us-core-body-height,StructureDefinition/us-core-smokingstatus,StructureDefinition/us-core-care-experience-preference,StructureDefinition/us-core-observation-clinical-result,StructureDefinition/us-core-respiratory-rate,StructureDefinition/us-core-body-temperature,StructureDefinition/us-core-observation-screening-assessment,StructureDefinition/pediatric-weight-for-height,StructureDefinition/us-core-observation-pregnancystatus,StructureDefinition/us-core-body-weight,StructureDefinition/us-core-observation-occupation,StructureDefinition/us-core-average-blood-pressure,StructureDefinition/us-core-treatment-intervention-preference,StructureDefinition/us-core-observation-adi-documentation,StructureDefinition/us-core-observation-sexual-orientation,StructureDefinition/us-core-blood-pressure","THO"
http://hl7.org/fhir/ValueSet/days-of-week,4.0.1,active,"2.16.840.1.113883.4.642.3.512",DaysOfWeek,DaysOfWeek,"The days of the week.","StructureDefinition/us-core-practitionerrole,StructureDefinition/us-core-location","hl7.fhir.r4.core"
http://hl7.org/fhir/ValueSet/device-action,4.0.1,draft,"2.16.840.1.113883.4.642.3.425",ProcedureDeviceActionCodes,Procedure Device Action Codes,"Example codes indicating the change that happened to the device during the procedure.  Note that these are in no way complete and might not even be appropriate for some uses.","StructureDefinition/us-core-procedure","SCT"
http://hl7.org/fhir/ValueSet/device-kind,4.0.1,draft,"2.16.840.1.113883.4.642.3.208",FHIRDeviceTypes,FHIR Device Types,"Codes used to identify medical devices. Includes concepts from SNOMED CT (http://www.snomed.org/) where concept is-a 49062001 (Device)  and is provided as a suggestive example.","StructureDefinition/us-core-implantable-device,StructureDefinition/us-core-procedure","SCT"
http://hl7.org/fhir/ValueSet/device-nametype,4.0.1,draft,"2.16.840.1.113883.4.642.3.1083",DeviceNameType,DeviceNameType,"The type of name the device is referred by.","StructureDefinition/us-core-implantable-device","hl7.fhir.r4.core"
http://hl7.org/fhir/ValueSet/device-status,4.0.1,draft,"2.16.840.1.113883.4.642.3.209",FHIRDeviceStatus,FHIRDeviceStatus,"The availability status of the device.","StructureDefinition/us-core-implantable-device","hl7.fhir.r4.core"
http://hl7.org/fhir/ValueSet/device-status-reason,4.0.1,draft,"2.16.840.1.113883.4.642.3.1081",FHIRDeviceStatusReason,FHIRDeviceStatusReason,"The availability status reason of the device.","StructureDefinition/us-core-implantable-device","THO"
http://hl7.org/fhir/ValueSet/diagnosis-role,4.0.1,draft,"2.16.840.1.113883.4.642.3.49",DiagnosisRole,DiagnosisRole,"This value set defines a set of codes that can be used to express the role of a diagnosis on the Encounter or EpisodeOfCare record.","StructureDefinition/us-core-encounter","THO"
http://hl7.org/fhir/ValueSet/diagnostic-report-status,4.0.1,draft,"2.16.840.1.113883.4.642.3.235",DiagnosticReportStatus,DiagnosticReportStatus,"The status of the diagnostic report.","StructureDefinition/us-core-diagnosticreport-note,StructureDefinition/us-core-diagnosticreport-lab","hl7.fhir.r4.core"
http://hl7.org/fhir/ValueSet/diagnostic-service-sections,4.0.1,draft,"2.16.840.1.113883.4.642.3.234",DiagnosticServiceSectionCodes,Diagnostic Service Section Codes,"This value set includes all the codes in HL7 V2 table 0074.","StructureDefinition/us-core-diagnosticreport-note,StructureDefinition/us-core-diagnosticreport-lab","THO (V2)"
http://hl7.org/fhir/ValueSet/document-classcodes,4.0.1,active,"2.16.840.1.113883.3.88.12.80.46",DocumentClassValueSet,Document Class Value Set,"This is the code specifying the high-level kind of document (e.g. Prescription, Discharge Summary, Report, etc.). Note: Class code for documents comes from LOINC, and is based upon one of the following:The type of service described by the document. It is described at a very high level in Section 7.3 of the LOINC Manual. The type study performed. It was determined by identifying modalities for study reports. The section of the chart where the document is placed. It was determined from the SETs created for Claims Attachment requests.","StructureDefinition/us-core-adi-documentreference,StructureDefinition/us-core-documentreference","LOINC"
http://hl7.org/fhir/ValueSet/document-reference-status,4.0.1,draft,"2.16.840.1.113883.4.642.3.7",DocumentReferenceStatus,DocumentReferenceStatus,"The status of the document reference.","StructureDefinition/us-core-adi-documentreference,StructureDefinition/us-core-documentreference","hl7.fhir.r4.core"
http://hl7.org/fhir/ValueSet/document-relationship-type,4.0.1,draft,"2.16.840.1.113883.4.642.3.244",DocumentRelationshipType,DocumentRelationshipType,"The type of relationship between documents.","StructureDefinition/us-core-adi-documentreference,StructureDefinition/us-core-documentreference","hl7.fhir.r4.core"
http://hl7.org/fhir/ValueSet/dose-rate-type,4.0.1,draft,"2.16.840.1.113883.4.642.3.981",DoseAndRateType,DoseAndRateType,"The kind of dose or rate specified.","StructureDefinition/us-core-medicationrequest,StructureDefinition/us-core-medicationdispense","THO"
http://hl7.org/fhir/ValueSet/encounter-admit-source,4.0.1,draft,"2.16.840.1.113883.4.642.3.257",AdmitSource,Admit source,"This value set defines a set of codes that can be used to indicate from where the patient came in.","StructureDefinition/us-core-encounter","THO"
http://hl7.org/fhir/ValueSet/encounter-diet,4.0.1,draft,"2.16.840.1.113883.4.642.3.255",Diet,Diet,"This value set defines a set of codes that can be used to indicate dietary preferences or restrictions a patient may have.","StructureDefinition/us-core-encounter","THO"
http://hl7.org/fhir/ValueSet/encounter-location-status,4.0.1,draft,"2.16.840.1.113883.4.642.3.262",EncounterLocationStatus,EncounterLocationStatus,"The status of the location.","StructureDefinition/us-core-encounter","hl7.fhir.r4.core"
http://hl7.org/fhir/ValueSet/encounter-participant-type,4.0.1,draft,"2.16.840.1.113883.4.642.3.250",ParticipantType,Participant type,"This value set defines a set of codes that can be used to indicate how an individual participates in an encounter.","StructureDefinition/us-core-encounter","THO (V3),THO"
http://hl7.org/fhir/ValueSet/encounter-reason,4.0.1,draft,"2.16.840.1.113883.4.642.3.261",EncounterReasonCodes,Encounter Reason Codes,"This examples value set defines the set of codes that can be used to indicate reasons for an encounter.","StructureDefinition/us-core-encounter","SCT"
http://hl7.org/fhir/ValueSet/encounter-special-arrangements,4.0.1,draft,"2.16.840.1.113883.4.642.3.253",SpecialArrangements,Special arrangements,"This value set defines a set of codes that can be used to indicate the kinds of special arrangements in place for a patients visit.","StructureDefinition/us-core-encounter","THO"
http://hl7.org/fhir/ValueSet/encounter-special-courtesy,4.0.1,draft,"2.16.840.1.113883.4.642.3.252",SpecialCourtesy,Special courtesy,"This value set defines a set of codes that can be used to indicate special courtesies provided to the patient.","StructureDefinition/us-core-encounter","THO (V3)"
http://hl7.org/fhir/ValueSet/encounter-status,4.0.1,draft,"2.16.840.1.113883.4.642.3.246",EncounterStatus,EncounterStatus,"Current state of the encounter.","StructureDefinition/us-core-encounter","hl7.fhir.r4.core"
http://hl7.org/fhir/ValueSet/event-status,4.0.1,draft,"2.16.840.1.113883.4.642.3.109",EventStatus,EventStatus,"Codes identifying the lifecycle stage of an event.","StructureDefinition/us-core-procedure","hl7.fhir.r4.core"
http://hl7.org/fhir/ValueSet/fm-status,4.0.1,draft,"2.16.840.1.113883.4.642.3.592",FinancialResourceStatusCodes,Financial Resource Status Codes,"This value set includes Status codes.","StructureDefinition/us-core-coverage","hl7.fhir.r4.core"
http://hl7.org/fhir/ValueSet/goal-achievement,4.0.1,draft,"2.16.840.1.113883.4.642.3.1374",GoalAchievementStatus,Goal achievement status,"Describes the progression, or lack thereof, towards the goal against the target.","StructureDefinition/us-core-goal","THO"
http://hl7.org/fhir/ValueSet/goal-category,4.0.1,draft,"2.16.840.1.113883.4.642.3.275",GoalCategory,Goal category,"Example codes for grouping goals to use for filtering or presentation.","StructureDefinition/us-core-goal","THO"
http://hl7.org/fhir/ValueSet/goal-priority,4.0.1,draft,"2.16.840.1.113883.4.642.3.273",GoalPriority,Goal priority,"Indicates the level of importance associated with reaching or sustaining a goal.","StructureDefinition/us-core-goal","THO"
http://hl7.org/fhir/ValueSet/goal-start-event,4.0.1,draft,"2.16.840.1.113883.4.642.3.279",GoalStartEvent,Goal start event,"Identifies types of events that might trigger the start of a goal.","StructureDefinition/us-core-goal","SCT"
http://hl7.org/fhir/ValueSet/goal-status,4.0.1,draft,"2.16.840.1.113883.4.642.3.271",GoalLifecycleStatus,GoalLifecycleStatus,"Codes that reflect the current state of a goal and whether the goal is still being targeted.","StructureDefinition/us-core-goal","hl7.fhir.r4.core"
http://hl7.org/fhir/ValueSet/identifier-type,4.0.1,active,"2.16.840.1.113883.4.642.3.45",Identifier Type Codes,IdentifierType,"A coded type for an identifier that can be used to determine which identifier to use for a specific purpose.","StructureDefinition/us-core-practitioner,StructureDefinition/us-core-patient,StructureDefinition/us-core-encounter,StructureDefinition/us-core-coverage,StructureDefinition/us-core-organization","THO (V2)"
http://hl7.org/fhir/ValueSet/identifier-use,4.0.1,active,"2.16.840.1.113883.4.642.3.57",IdentifierUse,IdentifierUse,"Identifies the purpose for this identifier, if known .","StructureDefinition/us-core-practitioner,StructureDefinition/us-core-patient,StructureDefinition/us-core-encounter,StructureDefinition/us-core-coverage,StructureDefinition/us-core-organization","hl7.fhir.r4.core"
http://hl7.org/fhir/ValueSet/immunization-function,4.0.1,draft,"2.16.840.1.113883.4.642.3.995",ImmunizationFunctionCodes,Immunization Function Codes,"The value set to instantiate this attribute should be drawn from a terminologically robust code system that consists of or contains concepts to support describing the function a practitioner or organization may play in the immunization event. This value set is provided as a suggestive example.","StructureDefinition/us-core-immunization","THO (V2)"
http://hl7.org/fhir/ValueSet/immunization-funding-source,4.0.1,draft,"2.16.840.1.113883.4.642.3.293",ImmunizationFundingSource,Immunization Funding Source,"The value set to instantiate this attribute should be drawn from a terminologically robust code system that consists of or contains concepts to support describing the source of the vaccine administered. This value set is provided as a suggestive example.","StructureDefinition/us-core-immunization","THO"
http://hl7.org/fhir/ValueSet/immunization-origin,4.0.1,draft,"2.16.840.1.113883.4.642.3.296",ImmunizationOriginCodes,Immunization Origin Codes,"The value set to instantiate this attribute should be drawn from a terminologically robust code system that consists of or contains concepts to support describing the source of the data when the report of the immunization event is not based on information from the person, entity or organization who administered the vaccine. This value set is provided as a suggestive example.","StructureDefinition/us-core-immunization","THO"
http://hl7.org/fhir/ValueSet/immunization-program-eligibility,4.0.1,draft,"2.16.840.1.113883.4.642.3.291",ImmunizationProgramEligibility,Immunization Program Eligibility,"The value set to instantiate this attribute should be drawn from a terminologically robust code system that consists of or contains concepts to support describing the patient's eligibility for a vaccination program. This value set is provided as a suggestive example.","StructureDefinition/us-core-immunization","THO"
http://hl7.org/fhir/ValueSet/immunization-reason,4.0.1,draft,"2.16.840.1.113883.4.642.3.290",ImmunizationReasonCodes,Immunization Reason Codes,"The value set to instantiate this attribute should be drawn from a terminologically robust code system that consists of or contains concepts to support describing the reason why a dose of vaccine was administered. This value set is provided as a suggestive example.","StructureDefinition/us-core-immunization","SCT"
http://hl7.org/fhir/ValueSet/immunization-route,4.0.1,draft,"2.16.840.1.113883.4.642.3.289",ImmunizationRouteCodes,Immunization Route Codes,"The value set to instantiate this attribute should be drawn from a terminologically robust code system that consists of or contains concepts to support describing the administrative routes used during vaccination. This value set is provided as a suggestive example.","StructureDefinition/us-core-immunization","THO (V3)"
http://hl7.org/fhir/ValueSet/immunization-site,4.0.1,draft,"2.16.840.1.113883.4.642.3.288",CodesForImmunizationSiteOfAdministration,Codes for Immunization Site of Administration,"The value set to instantiate this attribute should be drawn from a terminologically robust code system that consists of or contains concepts to support describing the body site where the vaccination occurred. This value set is provided as a suggestive example.","StructureDefinition/us-core-immunization","THO (V3)"
http://hl7.org/fhir/ValueSet/immunization-status,4.0.1,draft,"2.16.840.1.113883.4.642.3.295",ImmunizationStatusCodes,Immunization Status Codes,"The value set to instantiate this attribute should be drawn from a terminologically robust code system that consists of or contains concepts to support describing the current status of the administered dose of vaccine.","StructureDefinition/us-core-immunization","hl7.fhir.r4.core"
http://hl7.org/fhir/ValueSet/immunization-status-reason,4.0.1,draft,"2.16.840.1.113883.4.642.3.992",ImmunizationStatusReasonCodes,Immunization Status Reason Codes,"The value set to instantiate this attribute should be drawn from a terminologically robust code system that consists of or contains concepts to support describing the reason why a dose of vaccine was not administered. This value set is provided as a suggestive example.","StructureDefinition/us-core-immunization","THO (V3),SCT"
http://hl7.org/fhir/ValueSet/immunization-subpotent-reason,4.0.1,draft,"2.16.840.1.113883.4.642.3.993",ImmunizationSubpotentReason,Immunization Subpotent Reason,"The value set to instantiate this attribute should be drawn from a terminologically robust code system that consists of or contains concepts to support describing the reason why a dose is considered to be subpotent. This value set is provided as a suggestive example.","StructureDefinition/us-core-immunization","THO"
http://hl7.org/fhir/ValueSet/immunization-target-disease,4.0.1,draft,"2.16.840.1.113883.4.642.3.1047",ImmunizationTargetDiseaseCodes,Immunization Target Disease Codes,"The value set to instantiate this attribute should be drawn from a terminologically robust code system that consists of or contains concepts to support describing the disease that the dose is being administered against. This value set is provided as a suggestive example and includes the SNOMED CT concepts from the 64572001 (Disease) hierarchy.","StructureDefinition/us-core-immunization","SCT"
http://hl7.org/fhir/ValueSet/languages,4.0.1,draft,"2.16.840.1.113883.4.642.3.20",CommonLanguages,Common Languages,"This value set includes common codes from BCP-47 (http://tools.ietf.org/html/bcp47)","StructureDefinition/us-core-specimen,StructureDefinition/us-core-documentreference,StructureDefinition/us-core-observation-pregnancyintent,StructureDefinition/us-core-procedure,StructureDefinition/us-core-observation-lab,StructureDefinition/us-core-vital-signs,StructureDefinition/us-core-careplan,StructureDefinition/us-core-organization,StructureDefinition/us-core-adi-documentreference,StructureDefinition/us-core-practitioner,StructureDefinition/us-core-heart-rate,StructureDefinition/us-core-head-circumference,StructureDefinition/us-core-practitionerrole,StructureDefinition/us-core-smokingstatus,StructureDefinition/us-core-body-height,StructureDefinition/us-core-patient,StructureDefinition/us-core-provenance,StructureDefinition/us-core-observation-clinical-result,StructureDefinition/us-core-respiratory-rate,StructureDefinition/us-core-body-temperature,StructureDefinition/us-core-questionnaireresponse,StructureDefinition/us-core-condition-encounter-diagnosis,StructureDefinition/us-core-condition-problems-health-concerns,StructureDefinition/pediatric-weight-for-height,StructureDefinition/us-core-implantable-device,StructureDefinition/us-core-observation-pregnancystatus,StructureDefinition/us-core-medicationdispense,StructureDefinition/us-core-treatment-intervention-preference,StructureDefinition/pediatric-bmi-for-age,StructureDefinition/us-core-pulse-oximetry,StructureDefinition/us-core-diagnosticreport-lab,StructureDefinition/us-core-encounter,StructureDefinition/us-core-bmi,StructureDefinition/head-occipital-frontal-circumference-percentile,StructureDefinition/us-core-coverage,StructureDefinition/us-core-servicerequest,StructureDefinition/us-core-simple-observation,StructureDefinition/us-core-diagnosticreport-note,StructureDefinition/us-core-medicationrequest,StructureDefinition/us-core-care-experience-preference,StructureDefinition/us-core-medication,StructureDefinition/us-core-careteam,StructureDefinition/us-core-goal,StructureDefinition/us-core-observation-screening-assessment,StructureDefinition/us-core-relatedperson,StructureDefinition/us-core-immunization,StructureDefinition/us-core-body-weight,StructureDefinition/us-core-observation-occupation,StructureDefinition/us-core-average-blood-pressure,StructureDefinition/us-core-location,StructureDefinition/us-core-observation-adi-documentation,StructureDefinition/us-core-observation-sexual-orientation,StructureDefinition/us-core-allergyintolerance,StructureDefinition/us-core-blood-pressure","hl7.terminology"
http://hl7.org/fhir/ValueSet/link-type,4.0.1,active,"2.16.840.1.113883.4.642.3.423",LinkType,LinkType,"The type of link between this patient resource and another patient resource.","StructureDefinition/us-core-patient","hl7.fhir.r4.core"
http://hl7.org/fhir/ValueSet/location-mode,4.0.1,draft,"2.16.840.1.113883.4.642.3.330",LocationMode,LocationMode,"Indicates whether a resource instance represents a specific location or a class of locations.","StructureDefinition/us-core-location","hl7.fhir.r4.core"
http://hl7.org/fhir/ValueSet/location-physical-type,4.0.1,draft,"2.16.840.1.113883.4.642.3.328",LocationType,Location type,"This example value set defines a set of codes that can be used to indicate the physical form of the Location.","StructureDefinition/us-core-encounter,StructureDefinition/us-core-location","THO"
http://hl7.org/fhir/ValueSet/location-status,4.0.1,draft,"2.16.840.1.113883.4.642.3.332",LocationStatus,LocationStatus,"Indicates whether the location is still in use.","StructureDefinition/us-core-location","hl7.fhir.r4.core"
http://hl7.org/fhir/ValueSet/manifestation-or-symptom,4.0.1,draft,"2.16.840.1.113883.4.642.3.169",ManifestationAndSymptomCodes,Manifestation and Symptom Codes,"Example value set for Manifestation and Symptom codes.","StructureDefinition/us-core-condition-problems-health-concerns,StructureDefinition/us-core-condition-encounter-diagnosis","SCT"
http://hl7.org/fhir/ValueSet/marital-status,4.0.1,active,"2.16.840.1.113883.4.642.3.29",Marital Status Codes,MaritalStatus,"This value set defines the set of codes that can be used to indicate the marital status of a person.","StructureDefinition/us-core-patient","THO (V3)"
http://hl7.org/fhir/ValueSet/medication-as-needed-reason,4.0.1,draft,"2.16.840.1.113883.4.642.3.96",SNOMEDCTMedicationAsNeededReasonCodes,SNOMED CT Medication As Needed Reason Codes,"This value set includes all clinical findings from SNOMED CT - provided as an exemplar value set.","StructureDefinition/us-core-medicationrequest,StructureDefinition/us-core-medicationdispense,StructureDefinition/us-core-servicerequest","SCT"
http://hl7.org/fhir/ValueSet/medication-codes,4.0.1,draft,"2.16.840.1.113883.4.642.3.375",SNOMEDCTMedicationCodes,SNOMED CT Medication Codes,"This value set includes all drug or medicament substance codes and all pharmaceutical/biologic products from SNOMED CT - provided as an exemplar value set.","StructureDefinition/us-core-careplan","SCT"
http://hl7.org/fhir/ValueSet/medication-form-codes,4.0.1,draft,"2.16.840.1.113883.4.642.3.374",SNOMEDCTFormCodes,SNOMED CT Form Codes,"This value set includes all dose form codes from SNOMED CT - provided as an exemplar.","StructureDefinition/us-core-medication","SCT"
http://hl7.org/fhir/ValueSet/medication-status,4.0.1,draft,"2.16.840.1.113883.4.642.3.376",Medication Status Codes,Medication  status  codes,"Medication Status Codes","StructureDefinition/us-core-medication","hl7.fhir.r4.core"
http://hl7.org/fhir/ValueSet/medicationdispense-category,4.0.1,draft,"2.16.840.1.113883.4.642.3.1314",MedicationDispense Category Codes,Medication dispense  category  codes,"MedicationDispense Category Codes","StructureDefinition/us-core-medicationdispense","THO"
http://hl7.org/fhir/ValueSet/medicationdispense-performer-function,4.0.1,draft,"2.16.840.1.113883.4.642.3.1318",MedicationDispense Performer Function Codes,Medication dispense  performer  function  codes,"MedicationDispense Performer Function Codes","StructureDefinition/us-core-medicationdispense","THO"
http://hl7.org/fhir/ValueSet/medicationdispense-status,4.0.1,draft,"2.16.840.1.113883.4.642.3.1312",MedicationDispense Status Codes,Medication dispense  status  codes,"MedicationDispense Status Codes","StructureDefinition/us-core-medicationdispense","THO"
http://hl7.org/fhir/ValueSet/medicationdispense-status-reason,4.0.1,draft,"2.16.840.1.113883.4.642.3.1316",MedicationDispense Status Reason Codes,Medication dispense  status  reason  codes,"MedicationDispense Status Codes","StructureDefinition/us-core-medicationdispense","THO"
http://hl7.org/fhir/ValueSet/medicationrequest-category,4.0.1,draft,"2.16.840.1.113883.4.642.3.1322",medicationRequest Category Codes,Medication request  category  codes,"MedicationRequest Category Codes","StructureDefinition/us-core-medicationrequest","THO"
http://hl7.org/fhir/ValueSet/medicationrequest-course-of-therapy,4.0.1,draft,"2.16.840.1.113883.4.642.3.1326",medicationRequest Course of Therapy Codes,Medication request  course of  therapy  codes,"MedicationRequest Course of Therapy Codes","StructureDefinition/us-core-medicationrequest","THO"
http://hl7.org/fhir/ValueSet/medicationrequest-intent,4.0.1,draft,"2.16.840.1.113883.4.642.3.1321",medicationRequest Intent,Medication request  intent,"MedicationRequest Intent Codes","StructureDefinition/us-core-medicationrequest","hl7.fhir.r4.core"
http://hl7.org/fhir/ValueSet/medicationrequest-status,4.0.1,draft,"2.16.840.1.113883.4.642.3.1320",medicationrequest Status,Medicationrequest  status,"MedicationRequest Status Codes","StructureDefinition/us-core-medicationrequest","hl7.fhir.r4.core"
http://hl7.org/fhir/ValueSet/medicationrequest-status-reason,4.0.1,draft,"2.16.840.1.113883.4.642.3.1324",medicationRequest Status Reason Codes,Medication request  status  reason  codes,"MedicationRequest Status Reason Codes","StructureDefinition/us-core-medicationrequest","THO"
http://hl7.org/fhir/ValueSet/mimetypes,4.0.1,active,"2.16.840.1.113883.4.642.3.1024",Mime Types,MimeType,"This value set includes all possible codes from BCP-13 (http://tools.ietf.org/html/bcp13)","StructureDefinition/us-core-adi-documentreference,StructureDefinition/us-core-documentreference","Other"
http://hl7.org/fhir/ValueSet/name-use,4.0.1,active,"2.16.840.1.113883.4.642.3.65",NameUse,NameUse,"The use of a human name.","StructureDefinition/us-core-practitioner,StructureDefinition/us-core-patient","hl7.fhir.r4.core"
http://hl7.org/fhir/ValueSet/observation-category,4.0.1,draft,"2.16.840.1.113883.4.642.3.403",ObservationCategoryCodes,Observation Category Codes,"Observation Category codes.","StructureDefinition/pediatric-bmi-for-age,StructureDefinition/us-core-pulse-oximetry,StructureDefinition/us-core-observation-pregnancyintent,StructureDefinition/us-core-bmi,StructureDefinition/us-core-observation-lab,StructureDefinition/us-core-observation-clinical-result,StructureDefinition/head-occipital-frontal-circumference-percentile,StructureDefinition/us-core-respiratory-rate,StructureDefinition/us-core-body-temperature,StructureDefinition/us-core-observation-screening-assessment,StructureDefinition/us-core-vital-signs,StructureDefinition/us-core-heart-rate,StructureDefinition/us-core-head-circumference,StructureDefinition/pediatric-weight-for-height,StructureDefinition/us-core-body-weight,StructureDefinition/us-core-observation-pregnancystatus,StructureDefinition/us-core-observation-occupation,StructureDefinition/us-core-average-blood-pressure,StructureDefinition/us-core-body-height,StructureDefinition/us-core-observation-sexual-orientation,StructureDefinition/us-core-smokingstatus,StructureDefinition/us-core-blood-pressure","THO"
http://hl7.org/fhir/ValueSet/observation-codes,4.0.1,draft,"2.16.840.1.113883.4.642.3.396",LOINCCodes,LOINC Codes,"This value set includes all LOINC codes","StructureDefinition/us-core-care-experience-preference,StructureDefinition/us-core-goal,StructureDefinition/us-core-observation-pregnancyintent,StructureDefinition/us-core-observation-lab,StructureDefinition/us-core-observation-clinical-result,StructureDefinition/us-core-observation-screening-assessment,StructureDefinition/us-core-simple-observation,StructureDefinition/us-core-observation-pregnancystatus,StructureDefinition/us-core-observation-occupation,StructureDefinition/us-core-average-blood-pressure,StructureDefinition/us-core-treatment-intervention-preference,StructureDefinition/us-core-observation-adi-documentation,StructureDefinition/us-core-observation-sexual-orientation,StructureDefinition/us-core-smokingstatus","LOINC"
http://hl7.org/fhir/ValueSet/observation-interpretation,4.0.1,active,"2.16.840.1.113883.4.642.3.399",ObservationInterpretationCodes,Observation Interpretation Codes,"A categorical assessment, providing a rough qualitative interpretation of the observation value,    such as â€œnormalâ€/ â€œabnormalâ€,â€lowâ€ / â€œhighâ€, â€œbetterâ€ / â€œworseâ€, â€œsusceptibleâ€ / â€œresistantâ€, â€œexpectedâ€/ â€œnot expectedâ€.    The value set is intended to be for ANY use where coded representation of an interpretation is needed.             Notes:          This is being communicated in v2.x in OBX-8 (Observation Interpretation), in v3 in ObservationInterpretation (CWE) in R1 (Representative Realm) and in FHIR in    Observation.interpretation. Historically these values come from the laboratory domain, and these codes are extensively    used. The value set binding is extensible, so codes outside the value set that are needed for interpretation concepts    (i.e. particular meanings) that are not included in the value set can be used, and these new codes may also be added to    the value set and published in a future version.","StructureDefinition/pediatric-bmi-for-age,StructureDefinition/us-core-pulse-oximetry,StructureDefinition/us-core-observation-pregnancyintent,StructureDefinition/us-core-observation-lab,StructureDefinition/head-occipital-frontal-circumference-percentile,StructureDefinition/us-core-bmi,StructureDefinition/us-core-vital-signs,StructureDefinition/us-core-simple-observation,StructureDefinition/us-core-heart-rate,StructureDefinition/us-core-head-circumference,StructureDefinition/us-core-body-height,StructureDefinition/us-core-smokingstatus,StructureDefinition/us-core-care-experience-preference,StructureDefinition/us-core-observation-clinical-result,StructureDefinition/us-core-respiratory-rate,StructureDefinition/us-core-body-temperature,StructureDefinition/us-core-observation-screening-assessment,StructureDefinition/pediatric-weight-for-height,StructureDefinition/us-core-observation-pregnancystatus,StructureDefinition/us-core-body-weight,StructureDefinition/us-core-observation-occupation,StructureDefinition/us-core-average-blood-pressure,StructureDefinition/us-core-treatment-intervention-preference,StructureDefinition/us-core-observation-adi-documentation,StructureDefinition/us-core-observation-sexual-orientation,StructureDefinition/us-core-blood-pressure","THO (V3)"
http://hl7.org/fhir/ValueSet/observation-methods,4.0.1,draft,"2.16.840.1.113883.4.642.3.395",ObservationMethods,Observation Methods,"Observation Method codes from [SNOMED CT](http://snomed.info/sct) where concept is-a 272394005 (Technique (qualifier value)) or is-a 129264002 (Action (qualifier value)) or is-a 386053000 (Evaluation procedure(procedure))","StructureDefinition/pediatric-bmi-for-age,StructureDefinition/us-core-pulse-oximetry,StructureDefinition/us-core-observation-pregnancyintent,StructureDefinition/us-core-observation-lab,StructureDefinition/head-occipital-frontal-circumference-percentile,StructureDefinition/us-core-bmi,StructureDefinition/us-core-vital-signs,StructureDefinition/us-core-simple-observation,StructureDefinition/us-core-heart-rate,StructureDefinition/us-core-head-circumference,StructureDefinition/us-core-body-height,StructureDefinition/us-core-smokingstatus,StructureDefinition/us-core-care-experience-preference,StructureDefinition/us-core-observation-clinical-result,StructureDefinition/us-core-respiratory-rate,StructureDefinition/us-core-body-temperature,StructureDefinition/us-core-observation-screening-assessment,StructureDefinition/pediatric-weight-for-height,StructureDefinition/us-core-observation-pregnancystatus,StructureDefinition/us-core-body-weight,StructureDefinition/us-core-observation-occupation,StructureDefinition/us-core-average-blood-pressure,StructureDefinition/us-core-treatment-intervention-preference,StructureDefinition/us-core-observation-adi-documentation,StructureDefinition/us-core-observation-sexual-orientation,StructureDefinition/us-core-blood-pressure","SCT"
http://hl7.org/fhir/ValueSet/observation-status,4.0.1,active,"2.16.840.1.113883.4.642.3.400",ObservationStatus,ObservationStatus,"Codes providing the status of an observation.","StructureDefinition/pediatric-bmi-for-age,StructureDefinition/us-core-pulse-oximetry,StructureDefinition/us-core-observation-pregnancyintent,StructureDefinition/us-core-observation-lab,StructureDefinition/head-occipital-frontal-circumference-percentile,StructureDefinition/us-core-bmi,StructureDefinition/us-core-vital-signs,StructureDefinition/us-core-simple-observation,StructureDefinition/us-core-heart-rate,StructureDefinition/us-core-head-circumference,StructureDefinition/us-core-body-height,StructureDefinition/us-core-care-experience-preference,StructureDefinition/us-core-observation-clinical-result,StructureDefinition/us-core-respiratory-rate,StructureDefinition/us-core-body-temperature,StructureDefinition/us-core-observation-screening-assessment,StructureDefinition/pediatric-weight-for-height,StructureDefinition/us-core-observation-pregnancystatus,StructureDefinition/us-core-body-weight,StructureDefinition/us-core-observation-occupation,StructureDefinition/us-core-average-blood-pressure,StructureDefinition/us-core-treatment-intervention-preference,StructureDefinition/us-core-observation-adi-documentation,StructureDefinition/us-core-observation-sexual-orientation,StructureDefinition/us-core-blood-pressure","hl7.fhir.r4.core"
http://hl7.org/fhir/ValueSet/organization-type,4.0.1,draft,"2.16.840.1.113883.4.642.3.414",OrganizationType,Organization type,"This example value set defines a set of codes that can be used to indicate a type of organization.","StructureDefinition/us-core-organization","THO"
http://hl7.org/fhir/ValueSet/participant-role,4.0.1,draft,"2.16.840.1.113883.4.642.3.152",ParticipantRoles,Participant Roles,"Roles of participants that may be included in a care team.  Defined as: Is a Person, Healthcare professional (occupation) or Healthcare related organization (qualifier value).","StructureDefinition/us-core-servicerequest","SCT"
http://hl7.org/fhir/ValueSet/patient-contactrelationship,4.0.1,active,"2.16.840.1.113883.4.642.3.1130",PatientContactRelationship,Patient Contact Relationship ,"The nature of the relationship between the patient and the contact person.","StructureDefinition/us-core-patient","THO (V2)"
http://hl7.org/fhir/ValueSet/performer-role,4.0.1,draft,"2.16.840.1.113883.4.642.3.433",ProcedurePerformerRoleCodes,Procedure Performer Role Codes,"This example value set defines the set of codes that can be used to indicate a role of a procedure performer.","StructureDefinition/us-core-medicationrequest,StructureDefinition/us-core-procedure","SCT"
http://hl7.org/fhir/ValueSet/procedure-category,4.0.1,draft,"2.16.840.1.113883.4.642.3.430",ProcedureCategoryCodes(SNOMEDCT),Procedure Category Codes (SNOMED CT),"Procedure Category code: A selection of relevant SNOMED CT codes.","StructureDefinition/us-core-procedure","SCT"
http://hl7.org/fhir/ValueSet/procedure-code,4.0.1,draft,"2.16.840.1.113883.4.642.3.427",ProcedureCodes(SNOMEDCT),Procedure Codes (SNOMED CT),"Procedure Code: All SNOMED CT procedure codes.","StructureDefinition/us-core-careplan","SCT"
http://hl7.org/fhir/ValueSet/procedure-followup,4.0.1,draft,"2.16.840.1.113883.4.642.3.429",ProcedureFollowUpCodes(SNOMEDCT),Procedure Follow up Codes (SNOMED CT),"Procedure follow up codes: A selection of SNOMED CT codes relevant to procedure follow up.","StructureDefinition/us-core-procedure","SCT"
http://hl7.org/fhir/ValueSet/procedure-not-performed-reason,4.0.1,active,"2.16.840.1.113883.4.642.3.431",ProcedureNotPerformedReason(SNOMED-CT),Procedure Not Performed Reason (SNOMED-CT),"Situation codes describing the reason that a procedure, which might otherwise be expected, was not performed, or a procedure that was started and was not completed. Consists of SNOMED CT codes, children of procedure contraindicated (183932001), procedure discontinued (416406003), procedure not done (416237000), procedure not indicated (428119001), procedure not offered (416064006), procedure not wanted (416432009), procedure refused (183944003), and procedure stopped (394908001).","StructureDefinition/us-core-procedure","SCT"
http://hl7.org/fhir/ValueSet/procedure-outcome,4.0.1,draft,"2.16.840.1.113883.4.642.3.428",ProcedureOutcomeCodes(SNOMEDCT),Procedure Outcome Codes (SNOMED CT),"Procedure Outcome code: A selection of relevant SNOMED CT codes.","StructureDefinition/us-core-procedure","SCT"
http://hl7.org/fhir/ValueSet/provenance-activity-type,4.0.1,draft,"2.16.840.1.113883.4.642.3.438",ProvenanceActivityType,Provenance activity type,"This value set contains representative Activity Type codes, which includes codes from the HL7 DocumentCompletion, ActStatus, and DataOperations code system, W3C PROV-DM and PROV-N concepts and display names, several HL7 Lifecycle Event codes for which there are agreed upon definitions, and non-duplicated codes from the HL7 Security and Privacy Ontology Operations codes.","StructureDefinition/us-core-provenance","THO (V3)"
http://hl7.org/fhir/ValueSet/provenance-entity-role,4.0.1,draft,"2.16.840.1.113883.4.642.3.436",ProvenanceEntityRole,ProvenanceEntityRole,"How an entity was used in an activity.","StructureDefinition/us-core-provenance","hl7.fhir.r4.core"
http://hl7.org/fhir/ValueSet/quantity-comparator,4.0.1,active,"2.16.840.1.113883.4.642.3.59",QuantityComparator,QuantityComparator,"How the Quantity should be understood and represented.","StructureDefinition/pediatric-bmi-for-age,StructureDefinition/us-core-pulse-oximetry,StructureDefinition/us-core-bmi,StructureDefinition/head-occipital-frontal-circumference-percentile,StructureDefinition/us-core-respiratory-rate,StructureDefinition/us-core-body-temperature,StructureDefinition/us-core-heart-rate,StructureDefinition/us-core-head-circumference,StructureDefinition/pediatric-weight-for-height,StructureDefinition/us-core-body-weight,StructureDefinition/us-core-average-blood-pressure,StructureDefinition/us-core-body-height,StructureDefinition/us-core-blood-pressure","hl7.fhir.r4.core"
http://hl7.org/fhir/ValueSet/questionnaire-answers,4.0.1,draft,"2.16.840.1.113883.4.642.3.446",QuestionnaireAnswerCodes,Questionnaire Answer Codes,"Example list of codes for answers to questions. (Not complete or necessarily appropriate.)","StructureDefinition/us-core-questionnaireresponse","SCT"
http://hl7.org/fhir/ValueSet/questionnaire-answers-status,4.0.1,draft,"required",QuestionnaireResponseStatus,QuestionnaireResponseStatus,"Lifecycle status of the questionnaire response.","StructureDefinition/us-core-questionnaireresponse","hl7.fhir.r4.core"
http://hl7.org/fhir/ValueSet/reaction-event-severity,4.0.1,draft,"2.16.840.1.113883.4.642.3.135",AllergyIntoleranceSeverity,AllergyIntoleranceSeverity,"Clinical assessment of the severity of a reaction event as a whole, potentially considering multiple different manifestations.","StructureDefinition/us-core-allergyintolerance","hl7.fhir.r4.core"
http://hl7.org/fhir/ValueSet/referencerange-appliesto,4.0.1,draft,"2.16.840.1.113883.4.642.3.407",ObservationReferenceRangeAppliesToCodes,Observation Reference Range Applies To Codes,"This value set defines a set of codes that can be used to indicate the particular target population the reference range applies to.","StructureDefinition/pediatric-bmi-for-age,StructureDefinition/us-core-pulse-oximetry,StructureDefinition/us-core-observation-pregnancyintent,StructureDefinition/us-core-observation-lab,StructureDefinition/head-occipital-frontal-circumference-percentile,StructureDefinition/us-core-bmi,StructureDefinition/us-core-vital-signs,StructureDefinition/us-core-simple-observation,StructureDefinition/us-core-heart-rate,StructureDefinition/us-core-head-circumference,StructureDefinition/us-core-body-height,StructureDefinition/us-core-smokingstatus,StructureDefinition/us-core-care-experience-preference,StructureDefinition/us-core-observation-clinical-result,StructureDefinition/us-core-respiratory-rate,StructureDefinition/us-core-body-temperature,StructureDefinition/us-core-observation-screening-assessment,StructureDefinition/pediatric-weight-for-height,StructureDefinition/us-core-observation-pregnancystatus,StructureDefinition/us-core-body-weight,StructureDefinition/us-core-observation-occupation,StructureDefinition/us-core-average-blood-pressure,StructureDefinition/us-core-treatment-intervention-preference,StructureDefinition/us-core-observation-adi-documentation,StructureDefinition/us-core-observation-sexual-orientation,StructureDefinition/us-core-blood-pressure","SCT"
http://hl7.org/fhir/ValueSet/referencerange-meaning,4.0.1,draft,"2.16.840.1.113883.4.642.3.397",ObservationReferenceRangeMeaningCodes,Observation Reference Range Meaning Codes,"This value set defines a set of codes that can be used to indicate the meaning/use of a reference range for a particular target population.","StructureDefinition/pediatric-bmi-for-age,StructureDefinition/us-core-pulse-oximetry,StructureDefinition/us-core-observation-pregnancyintent,StructureDefinition/us-core-observation-lab,StructureDefinition/head-occipital-frontal-circumference-percentile,StructureDefinition/us-core-bmi,StructureDefinition/us-core-vital-signs,StructureDefinition/us-core-simple-observation,StructureDefinition/us-core-heart-rate,StructureDefinition/us-core-head-circumference,StructureDefinition/us-core-body-height,StructureDefinition/us-core-smokingstatus,StructureDefinition/us-core-care-experience-preference,StructureDefinition/us-core-observation-clinical-result,StructureDefinition/us-core-respiratory-rate,StructureDefinition/us-core-body-temperature,StructureDefinition/us-core-observation-screening-assessment,StructureDefinition/pediatric-weight-for-height,StructureDefinition/us-core-observation-pregnancystatus,StructureDefinition/us-core-body-weight,StructureDefinition/us-core-observation-occupation,StructureDefinition/us-core-average-blood-pressure,StructureDefinition/us-core-treatment-intervention-preference,StructureDefinition/us-core-observation-adi-documentation,StructureDefinition/us-core-observation-sexual-orientation,StructureDefinition/us-core-blood-pressure","THO"
http://hl7.org/fhir/ValueSet/relatedperson-relationshiptype,4.0.1,draft,"2.16.840.1.113883.4.642.3.449",PatientRelationshipType,Patient relationship type,"A set of codes that can be used to indicate the relationship between a Patient and a Related Person.","StructureDefinition/us-core-relatedperson","THO (V3),THO (V2)"
http://hl7.org/fhir/ValueSet/request-intent,4.0.1,draft,"2.16.840.1.113883.4.642.3.113",RequestIntent,RequestIntent,"Codes indicating the degree of authority/intentionality associated with a request.","StructureDefinition/us-core-servicerequest","hl7.fhir.r4.core"
http://hl7.org/fhir/ValueSet/request-priority,4.0.1,draft,"2.16.840.1.113883.4.642.3.115",RequestPriority,Request priority,"The clinical priority of a diagnostic order.","StructureDefinition/us-core-medicationrequest,StructureDefinition/us-core-servicerequest","hl7.fhir.r4.core"
http://hl7.org/fhir/ValueSet/request-status,4.0.1,draft,"2.16.840.1.113883.4.642.3.111",RequestStatus,RequestStatus,"Codes identifying the lifecycle stage of a request.","StructureDefinition/us-core-careplan,StructureDefinition/us-core-servicerequest","hl7.fhir.r4.core"
http://hl7.org/fhir/ValueSet/resource-types,4.0.1,active,"2.16.840.1.113883.4.642.3.27",ResourceType,ResourceType,"One of the resource types defined as part of this version of FHIR.","StructureDefinition/us-core-provenance","hl7.fhir.r4.core"
http://hl7.org/fhir/ValueSet/route-codes,4.0.1,draft,"2.16.840.1.113883.4.642.3.98",SNOMEDCTRouteCodes,SNOMED CT Route Codes,"This value set includes all Route codes from SNOMED CT - provided as an exemplar.","StructureDefinition/us-core-allergyintolerance","SCT"
http://hl7.org/fhir/ValueSet/security-labels,4.0.1,active,"2.16.840.1.113883.4.642.3.47",All Security Labels,SecurityLabels,"A single value set for all security labels defined by FHIR.","StructureDefinition/us-core-adi-documentreference,StructureDefinition/us-core-diagnosticreport-lab,StructureDefinition/us-core-condition-problems-health-concerns,StructureDefinition/us-core-documentreference,StructureDefinition/us-core-encounter,StructureDefinition/us-core-observation-lab",
http://hl7.org/fhir/ValueSet/security-role-type,4.0.1,draft,"2.16.840.1.113883.4.642.3.978",SecurityRoleType,SecurityRoleType,"This example FHIR value set is comprised of example Actor Type codes, which can be used to value FHIR agents, actors, and other role         elements such as those specified in financial transactions. The FHIR Actor value set is based on    DICOM Audit Message, C402;   ASTM Standard, E1762-95 [2013]; selected codes and          derived actor roles from HL7 RoleClass OID 2.16.840.1.113883.5.110;    HL7 Role Code 2.16.840.1.113883.5.111, including AgentRoleType;          HL7 ParticipationType OID: 2.16.840.1.113883.5.90; and    HL7 ParticipationFunction codes OID: 2.16.840.1.113883.5.88.           This value set includes, by reference, role codes from external code systems: NUCC Health Care Provider Taxonomy OID: 2.16.840.1.113883.6.101;          North American Industry Classification System [NAICS]OID: 2.16.840.1.113883.6.85; IndustryClassificationSystem 2.16.840.1.113883.1.11.16039;          and US Census Occupation Code OID: 2.16.840.1.113883.6.243 for relevant recipient or custodian codes not included in this value set.            If no source is indicated in the definition comments, then these are example FHIR codes.          It can be extended with appropriate roles described by SNOMED as well as those described in the HL7 Role Based Access Control Catalog and the          HL7 Healthcare (Security and Privacy) Access Control Catalog.            In Role-Based Access Control (RBAC), permissions are operations on an object that a user wishes to access. Permissions are grouped into roles.          A role characterizes the functions a user is allowed to perform. Roles are assigned to users. If the user's role has the appropriate permissions          to access an object, then that user is granted access to the object. FHIR readily enables RBAC, as FHIR Resources are object types and the CRUDE          events (the FHIR equivalent to permissions in the RBAC scheme) are operations on those objects.          In Attribute-Based Access Control (ABAC), a user requests to perform operations on objects. That user's access request is granted or denied          based on a set of access control policies that are specified in terms of attributes and conditions. FHIR readily enables ABAC, as instances of          a Resource in FHIR (again, Resources are object types) can have attributes associated with them. These attributes include security tags,          environment conditions, and a host of user and object characteristics, which are the same attributes as those used in ABAC. Attributes help          define the access control policies that determine the operations a user may perform on a Resource (in FHIR) or object (in ABAC). For example,          a tag (or attribute) may specify that the identified Resource (object) is not to be further disclosed without explicit consent from the patient.","StructureDefinition/us-core-provenance","THO (V3),THO,DICOM"
http://hl7.org/fhir/ValueSet/service-type,4.0.1,draft,"2.16.840.1.113883.4.642.3.518",ServiceType,Service type,"This value set defines an example set of codes of service-types.","StructureDefinition/us-core-encounter","THO"
http://hl7.org/fhir/ValueSet/servicerequest-category,4.0.1,draft,"2.16.840.1.113883.4.642.3.434",ServiceRequestCategoryCodes,Service Request Category Codes,"An example value set of SNOMED CT concepts that can classify a requested service","ValueSet/us-core-servicerequest-category,StructureDefinition/us-core-servicerequest","SCT"
http://hl7.org/fhir/ValueSet/servicerequest-orderdetail,4.0.1,draft,"2.16.840.1.113883.4.642.3.435",ServiceRequestOrderDetailsCodes,Service Request Order Details Codes,"An example value set of Codified order entry details concepts.  These concepts only make sense in the context of what is being ordered.  This example is for a patient ventilation order","StructureDefinition/us-core-servicerequest","SCT"
http://hl7.org/fhir/ValueSet/specimen-collection-method,4.0.1,draft,"2.16.840.1.113883.4.642.3.468",FHIRSpecimenCollectionMethod,FHIR Specimen Collection Method," This example value set defines a set of codes that can be used to indicate the method by which a specimen was collected.","StructureDefinition/us-core-specimen","SCT"
http://hl7.org/fhir/ValueSet/specimen-container-type,4.0.1,draft,"2.16.840.1.113883.4.642.3.470",SpecimenContainerType,Specimen Container Type,"Checks on the patient prior specimen collection. All SNOMED CT concepts descendants of 706041008 |Device for body fluid and tissue collection/transfer/processing (physical object)|","StructureDefinition/us-core-specimen","SCT"
http://hl7.org/fhir/ValueSet/specimen-processing-procedure,4.0.1,draft,"2.16.840.1.113883.4.642.3.469",SpecimenProcessingProcedure,Specimen processing procedure,"The technique that is used to perform the process or preserve the specimen.","StructureDefinition/us-core-specimen","THO (V2)"
http://hl7.org/fhir/ValueSet/specimen-status,4.0.1,draft,"2.16.840.1.113883.4.642.3.471",SpecimenStatus,SpecimenStatus,"Codes providing the status/availability of a specimen.","StructureDefinition/us-core-specimen","hl7.fhir.r4.core"
http://hl7.org/fhir/ValueSet/subscriber-relationship,4.0.1,draft,"2.16.840.1.113883.4.642.3.1385",SubscriberRelationshipCodes,SubscriberPolicyholder Relationship Codes,"This value set includes codes for the relationship between the Subscriber and the Beneficiary (insured/covered party/patient).","StructureDefinition/us-core-coverage","THO"
http://hl7.org/fhir/ValueSet/substance-code,4.0.1,draft,"2.16.840.1.113883.4.642.3.473",SubstanceCode,Substance Code,"This value set contains concept codes for specific substances. It includes codes from [SNOMED](http://snomed.info/sct) where concept is-a 105590001 (Substance (substance)) and where concept is-a 373873005 (Pharmaceutical / biologic product (product))","StructureDefinition/us-core-allergyintolerance","SCT"
http://hl7.org/fhir/ValueSet/ucum-bodylength,4.0.1,draft,"2.16.840.1.113883.4.642.3.958",BodyLengthUnits,Body Length Units,"UCUM units for recording body length measures such as height and head circumference","StructureDefinition/us-core-head-circumference,StructureDefinition/us-core-body-height","UCUM"
http://hl7.org/fhir/ValueSet/ucum-bodytemp,4.0.1,draft,"2.16.840.1.113883.4.642.3.957",BodyTemperatureUnits,Body Temperature Units,"UCUM units for recording Body Temperature","StructureDefinition/us-core-body-temperature","UCUM"
http://hl7.org/fhir/ValueSet/ucum-bodyweight,4.0.1,draft,"2.16.840.1.113883.4.642.3.956",BodyWeightUnits,Body Weight Units,"UCUM units for recording Body Weight","StructureDefinition/us-core-body-weight","UCUM"
http://hl7.org/fhir/ValueSet/ucum-common,4.0.1,draft,,Common UCUM units,,"Commonly encountered UCUM units (for purposes of helping populate look ups.","StructureDefinition/us-core-medicationrequest,StructureDefinition/us-core-medicationdispense","UCUM"
http://hl7.org/fhir/ValueSet/ucum-vitals-common,4.0.1,draft,"2.16.840.1.113883.4.642.3.955",VitalSignsUnits,Vital Signs Units,"Common UCUM units for recording Vital Signs","StructureDefinition/pediatric-bmi-for-age,StructureDefinition/us-core-pulse-oximetry,StructureDefinition/us-core-bmi,StructureDefinition/head-occipital-frontal-circumference-percentile,StructureDefinition/us-core-respiratory-rate,StructureDefinition/us-core-body-temperature,StructureDefinition/us-core-vital-signs,StructureDefinition/us-core-heart-rate,StructureDefinition/us-core-head-circumference,StructureDefinition/pediatric-weight-for-height,StructureDefinition/us-core-body-weight,StructureDefinition/us-core-body-height,StructureDefinition/us-core-blood-pressure","UCUM"
http://hl7.org/fhir/ValueSet/udi-entry-type,4.0.1,draft,"2.16.840.1.113883.4.642.3.211",UDIEntryType,UDIEntryType,"Codes to identify how UDI data was entered.","StructureDefinition/us-core-implantable-device","hl7.fhir.r4.core"
http://hl7.org/fhir/us/core/ValueSet/us-core-clinical-note-type,8.0.0,active,"2.16.840.1.113883.4.642.40.2.48.1",USCoreClinicalNoteType,US Core Clinical Note Type,"The US Core Clinical Note Type Value Set is a 'starter set' of types supported for fetching and storing clinical notes.",,"LOINC"
http://hl7.org/fhir/us/core/ValueSet/us-core-clinical-result-observation-category,8.0.0,active,"2.16.840.1.113883.4.642.40.2.48.2",USCoreClinicalResultObservationCategory,US Core Clinical Result Observation Category,"Used to classify the context of clinical result observations.","StructureDefinition/us-core-observation-lab,StructureDefinition/us-core-observation-clinical-result","THO"
http://hl7.org/fhir/us/core/ValueSet/us-core-condition-code,8.0.0,active,"2.16.840.1.113883.4.642.40.2.48.16",USCoreConditionCodes,US Core Condition Codes,"This describes the problem. Diagnosis/Problem List is broadly defined as a series of brief statements that catalog a patient's medical, nursing, dental, social, preventative and psychiatric events and issues that are relevant to that patient's healthcare (e.g., signs, symptoms, and defined conditions). ICD-10 is appropriate for Diagnosis information, and ICD-9 for historical information.","StructureDefinition/us-core-medicationrequest,StructureDefinition/us-core-condition-problems-health-concerns,StructureDefinition/us-core-procedure,StructureDefinition/us-core-servicerequest,StructureDefinition/us-core-condition-encounter-diagnosis","hl7.terminology,SCT,THO"
http://hl7.org/fhir/us/core/ValueSet/us-core-condition-code-current,8.0.0,active,"2.16.840.1.113883.4.642.40.2.48.3",USCoreConditionCodesCurrent,US Core Condition Codes Current,"This valueset is defined the same as the [US Core Condition Codes](ValueSet-us-core-condition-code.html) value set except it excludes ICD-9-CM codes. It us used for encoding newly recorded, non-legacy problem list items, health concerns and diagnosis using SNOMED CT and ICD-10-CM per USCDI requirements.","StructureDefinition/us-core-condition-problems-health-concerns,StructureDefinition/us-core-condition-encounter-diagnosis","hl7.terminology,SCT"
http://hl7.org/fhir/us/core/ValueSet/us-core-diagnosticreport-category,8.0.0,active,"2.16.840.1.113883.4.642.40.2.48.4",USCoreDiagnosticReportCategory,US Core Diagnostic Report Category Codes,"The US Core Diagnostic Report Category Value Set is a 'starter set' of categories supported for fetching and Diagnostic Reports and notes.","StructureDefinition/us-core-diagnosticreport-note","LOINC"
http://hl7.org/fhir/us/core/ValueSet/us-core-diagnosticreport-report-and-note-codes,8.0.0,active,"2.16.840.1.113883.4.642.40.2.48.5",USCoreNonLaboratoryCodes,US Core Non Laboratory Codes,"This value set includes All LOINC codes defined as type ""clinical,"" therefore excluding laboratory tests, survey instruments, and claims documents. This includes observables such as vital signs, hemodynamics, intake/output, EKG, obstetric ultrasound, and cardiac echo, and includes discrete and narrative diagnostic observations and reports.","StructureDefinition/us-core-diagnosticreport-note","LOINC"
http://hl7.org/fhir/us/core/ValueSet/us-core-documentreference-category,8.0.0,active,"2.16.840.1.113883.4.642.40.2.48.6",USCoreDocumentReferenceCategory,US Core DocumentReference Category,"The US Core DocumentReferences Category Value Set is a 'starter set' of categories supported for fetching and storing clinical notes.","StructureDefinition/us-core-documentreference","Internal"
http://hl7.org/fhir/us/core/ValueSet/us-core-documentreference-type,8.0.0,active,"2.16.840.1.113883.4.642.40.2.48.7",USCoreDocumentReferenceType,US Core DocumentReference Type,"The US Core DocumentReference Type Value Set includes all LOINC values whose SCALE is ""Doc"" in the LOINC database and the HL7 v3 Code System NullFlavor concept 'unknown'","StructureDefinition/us-core-documentreference","THO (V3),LOINC"
http://hl7.org/fhir/us/core/ValueSet/us-core-goal-description,8.0.0,active,"2.16.840.1.113883.4.642.40.2.48.17",USCoreGoalCodes,US Core Goal Codes,"Concepts from SNOMED CT  and LOINC code systems that can be used to indicate the goal.","StructureDefinition/us-core-goal","SCT,LOINC"
http://hl7.org/fhir/us/core/ValueSet/us-core-laboratory-test-codes,8.0.0,active,"2.16.840.1.113883.4.642.40.2.48.18",USCoreLaboratoryTestCodes,US Core Laboratory Test Codes,"Laboratory LOINC codes: From the introduction to August 2022 LOINC Users' guide; ""The current scope of the existing laboratory portion of the LOINC  database includes all observations reported by clinical laboratories, including the specialty areas: chemistry, including therapeutic drug monitoring and toxicology; hematology; serology; blood bank; microbiology; cytology; surgical pathology; and fertility.","StructureDefinition/us-core-diagnosticreport-lab,StructureDefinition/us-core-observation-lab","LOINC"
http://hl7.org/fhir/us/core/ValueSet/us-core-narrative-status,8.0.0,active,"2.16.840.1.113883.4.642.40.2.48.8",NarrativeStatus,US Core Narrative Status,"The US Core Narrative Status Value Set limits the text status for the resource narrative.","StructureDefinition/us-core-careplan","hl7.fhir.r4.core"
http://hl7.org/fhir/us/core/ValueSet/us-core-observation-smoking-status-status,8.0.0,active,"2.16.840.1.113883.4.642.40.2.48.9",USCoreObservationSmokingStatusStatus,US Core Status for Smoking Status Observation,"Codes providing the status of an observation for smoking status. Constrained to `final`and `entered-in-error`.","StructureDefinition/us-core-smokingstatus","hl7.fhir.r4.core"
http://hl7.org/fhir/us/core/ValueSet/us-core-problem-or-health-concern,8.0.0,active,"2.16.840.1.113883.4.642.40.2.48.19",USCoreProblemOrHealthConcern,US Core Problem or Health Concern,"Code set for category codes for *US Core Condition Problems and Health Concerns Profile* consisting of the concepts ""problem"" and ""health-concern"".","StructureDefinition/us-core-condition-problems-health-concerns","Internal,THO"
http://hl7.org/fhir/us/core/ValueSet/us-core-procedure-code,8.0.0,active,"2.16.840.1.113883.4.642.40.2.48.20",USCoreProcedureCodes,US Core Procedure Codes,"Concepts from CPT, SNOMED CT, HCPCS Level II Alphanumeric Codes, ICD-10-PCS,CDT and LOINC code systems that can be used to indicate the type of procedure performed.","StructureDefinition/us-core-procedure,StructureDefinition/us-core-servicerequest","hl7.terminology,SCT,LOINC,Other"
http://hl7.org/fhir/us/core/ValueSet/us-core-provenance-participant-type,8.0.0,active,"2.16.840.1.113883.4.642.40.2.48.10",USCoreProvenancePaticipantTypeCodes,US Core Provenance Participant Type Codes,"The type of participation a provenance agent played for a given target.","StructureDefinition/us-core-provenance","Internal,THO"
http://hl7.org/fhir/us/core/ValueSet/us-core-screening-assessment-condition-category,8.0.0,active,"2.16.840.1.113883.4.642.40.2.48.11",USCoreScreeningAssessmentConditionCategory,US Core Screening Assessment Condition Category,"This value set consists of the single code ""sdoh"". It is the minimum value set of category codes used in the US Core Condition Problems and Health Concerns Profile that any conformant system **SHALL** support to help identify the type of USCDI Health Status/Assessment data class being reported.",,"Internal"
http://hl7.org/fhir/us/core/ValueSet/us-core-screening-assessment-observation-category,8.0.0,active,"2.16.840.1.113883.4.642.40.2.48.12",USCoreScreeningAssessmentObservationCategory,US Core Screening Assessment Observation Category,"This value set is the minimum value set of category codes used in the US Core Observation Screening Assessment and Simple Observation Profiles that any conformant system **SHALL** support to help identify the type of USCDI Health Status/Assessment data class being reported.","StructureDefinition/us-core-condition-problems-health-concerns,StructureDefinition/us-core-observation-screening-assessment","Internal,THO"
http://hl7.org/fhir/us/core/ValueSet/us-core-screening-assessment-observation-maximum-category,8.0.0,active,"2.16.840.1.113883.4.642.40.2.48.13",USCoreScreeningAssessmentObservationMaximumCategory,US Core Screening Assessment Observation Maximum Category,"This value set is a value set of category codes used in the US Core Observation Screening Assessment that any conformant system **SHOULD** support to help identify the type of USCDI Health Status/Assessment data class being reported.","StructureDefinition/us-core-observation-screening-assessment","Internal,THO"
http://hl7.org/fhir/us/core/ValueSet/us-core-servicerequest-category,8.0.0,active,"2.16.840.1.113883.4.642.40.2.48.21",USCoreServiceRequestCategoryCodes,US Core ServiceRequest Category Codes,"A set of SNOMED CT and LOINC concepts to classify a requested service","StructureDefinition/us-core-servicerequest","SCT,Internal"
http://hl7.org/fhir/us/core/ValueSet/us-core-simple-observation-category,8.0.0,active,"2.16.840.1.113883.4.642.40.2.48.14",USCoreSimpleObservationCategory,US Core Simple Observation Category,"This value set is a value set of category codes used in the US Core Simple Observation and Condition Problems and Health Concerns Profiles that any conformant system **SHOULD** support to help identify the type of USCDI Health Status/Assessment data class being reported.","StructureDefinition/us-core-condition-problems-health-concerns,StructureDefinition/us-core-care-experience-preference,StructureDefinition/us-core-treatment-intervention-preference,StructureDefinition/us-core-observation-adi-documentation,StructureDefinition/us-core-simple-observation","Internal,THO"
http://hl7.org/fhir/us/core/ValueSet/us-core-specimen-condition,8.0.0,active,"2.16.840.1.113883.4.642.40.2.48.15",USCoreSpecimenCondition,US Core Specimen Condition,"This value set contains concepts the provide information regarding a specimen, including the container, that does not meet a laboratoryâ€™s criteria for acceptability.","StructureDefinition/us-core-specimen",
http://phinvads.cdc.gov/fhir/ValueSet/2.16.840.1.114222.4.11.7900,1,active,,PHVS_Industry_NAICS_Detail _ODH,Industry NAICS Detail (ODH),"The Industry NAICS Detail (ODH) value set is to be used to capture self-reported industry within electronic health information systems to support direct patient care, population health and public health activities.  Industry is described as the economic or business sector of a business or enterprise.  For more information, a mapping to 2012 Census Industry Codes, and tips on using this value set go to the Occupational Data for Health (ODH) Hot Topics section on the PHIN VADS home page.","StructureDefinition/us-core-observation-occupation","THO"
http://phinvads.cdc.gov/fhir/ValueSet/2.16.840.1.114222.4.11.7901,1,active,,PHVS_Occupation_ONETSOC_Detail_ODH,Occupation ONETSOC Detail (ODH),"The Occupation ONETSOC Detail (ODH) value set is to be used to capture self-reported occupation within electronic health information systems to support direct patient care, population health and public health activities.  Occupation is the type of work done by the subject.  It is based on the 2010 O*Net-SOC Classification System.  For more information, a mapping to 2010 Census Codes, and tips on using this value set go to the Occupational Data for Health (ODH) Hot Topics section on the PHIN VADS home page.","StructureDefinition/us-core-observation-occupation","THO"
http://terminology.hl7.org/ValueSet/CMSPlaceOfServiceCodes,1.0.0,active,,CMSPlaceOfServiceCodes,CMS Place of Service Codes (POS),"This is the all codes value set for the CMS POS code system.","StructureDefinition/us-core-location","hl7.terminology.r4"
http://terminology.hl7.org/ValueSet/Languages,1.0.0,active,,Languages,Languages,"This value set defines a set of codes for the representation of the names of languages. It uses the list of ISO 639-2 concepts using the ISO 639-1 2-digit code for a concept where possible and the 3-digit terminological code where there is no  2-digit code.","StructureDefinition/us-core-patient","hl7.terminology"
http://terminology.hl7.org/ValueSet/USPS-State,1.0.0,active,,UspsTwoLetterAlphabeticCodes,USPS Two Letter Alphabetic Codes,"This value set defines two letter USPS alphabetic codes.","StructureDefinition/us-core-practitioner,StructureDefinition/us-core-patient,StructureDefinition/us-core-location,StructureDefinition/us-core-organization,StructureDefinition/us-core-jurisdiction","hl7.terminology.r4"
http://terminology.hl7.org/ValueSet/v2-0092,2.0.0,active,"2.16.840.1.113883.21.40",Hl7VSReAdmissionIndicator,hl7VS-re-admissionIndicator,"Value Set of codes which are used to specify that a patient is being re-admitted to a healthcare facility from which they were discharged, and indicates the circumstances around such re-admission.","StructureDefinition/us-core-encounter","THO (V2)"
http://terminology.hl7.org/ValueSet/v2-0116,2.0.0,active,"2.16.840.1.113883.21.51",Hl7VSBedStatus,hl7VS-bedStatus,"Value Set of codes that specify the state of a bed in an inpatient setting, and is used to determine if a patient may be assigned to it or not.","StructureDefinition/us-core-location","THO (V2)"
http://terminology.hl7.org/ValueSet/v2-0371,2.0.0,active,"2.16.840.1.113883.21.245",Hl7VSAdditivePreservative,hl7VS-additivePreservative,"Concepts specifying any additive introduced to the specimen before or at the time of collection.  These additives may be introduced in order to preserve, maintain or enhance the particular nature or component of the specimen.  Used in Version 2 messaging in the SPM segment.","StructureDefinition/us-core-specimen","THO (V2)"
http://terminology.hl7.org/ValueSet/v2-0493,2.0.0,active,"2.16.840.1.113883.21.333",Hl7VSSpecimenCondition,hl7VS-specimenCondition,"Concepts of modes or states of being that describe the nature of a specimen.  Used in Version 2 messaging in the SPM segment.","ValueSet/us-core-specimen-condition","THO (V2)"
http://terminology.hl7.org/ValueSet/v2-0916,2.0.0,active,"2.16.840.1.113883.21.440",Hl7VSRelevantClincialInformation,hl7VS-relevantClincialInformation,"Value Set of codes that specify additional clinical information about the patient or specimen to report the supporting and/or suspected diagnosis and clinical findings on requests for interpreted diagnostic studies.","StructureDefinition/us-core-specimen","THO (V2)"
http://terminology.hl7.org/ValueSet/v2-2.7-0360,0360,active,,v2.0360.2.7,v2 table 0360, Version 2.7,"FHIR Value set/code system definition for HL7 v2 table 0360 ver 2.9 ( Degree/License/Certificate)","StructureDefinition/us-core-practitioner","THO (V2)"
http://terminology.hl7.org/ValueSet/v3-ActCode,3.0.0,active,,ActCode,v3 Code System ActCode,"A code specifying the particular kind of Act that the Act-instance represents within its class.  Constraints:  The kind of Act (e.g. physical examination, serum potassium, inpatient encounter, charge financial transaction, etc.) is specified with a code from one of several, typically external, coding systems.  The coding system will depend on the class of Act, such as LOINC for observations, etc. Conceptually, the Act.code must be a specialization of the Act.classCode. This is why the structure of ActClass domain should be reflected in the superstructure of the ActCode domain and then individual codes or externally referenced vocabularies subordinated under these domains that reflect the ActClass structure. Act.classCode and Act.code are not modifiers of each other but the Act.code concept should really imply the Act.classCode concept. For a negative example, it is not appropriate to use an Act.code ""potassium"" together with and Act.classCode for ""laboratory observation"" to somehow mean ""potassium laboratory observation"" and then use the same Act.code for ""potassium"" together with Act.classCode for ""medication"" to mean ""substitution of potassium"". This mutually modifying use of Act.code and Act.classCode is not permitted.","StructureDefinition/us-core-adi-documentreference,StructureDefinition/us-core-documentreference","THO (V3)"
http://terminology.hl7.org/ValueSet/v3-ActEncounterCode,3.0.0,active,"2.16.840.1.113883.1.11.13955",ActEncounterCode,ActEncounterCode,"Domain provides codes that qualify the ActEncounterClass (ENC)","StructureDefinition/us-core-encounter","THO (V3)"
http://terminology.hl7.org/ValueSet/v3-ActPharmacySupplyType,3.0.0,active,"2.16.840.1.113883.1.11.16208",ActPharmacySupplyType,ActPharmacySupplyType,"Identifies types of dispensing events","StructureDefinition/us-core-medicationdispense","THO (V3)"
http://terminology.hl7.org/ValueSet/v3-ActPriority,3.0.0,active,"2.16.840.1.113883.1.11.16866",ActPriority,ActPriority,"A code or set of codes (e.g., for routine, emergency,) specifying the urgency under which the Act happened, can happen, is happening, is intended to happen, or is requested/demanded to happen.    *Discussion:* This attribute is used in orders to indicate the ordered priority, and in event documentation it indicates the actual priority used to perform the act. In definition mood it indicates the available priorities.","StructureDefinition/us-core-encounter","THO (V3)"
http://terminology.hl7.org/ValueSet/v3-ActSubstanceAdminSubstitutionCode,3.0.0,active,"2.16.840.1.113883.1.11.16621",ActSubstanceAdminSubstitutionCode,ActSubstanceAdminSubstitutionCode,"***No description***","StructureDefinition/us-core-medicationrequest,StructureDefinition/us-core-medicationdispense","THO (V3)"
http://terminology.hl7.org/ValueSet/v3-HL7FormatCodes,2.1.0,active,"2.16.840.1.113883.11.19752",HL7FormatCodes,HL7 ValueSet of Format Codes for use with Document Sharing,"The HL7-FormatCodes value set is defined to be the set of FormatCode(s) defined by implementation guides published by HL7 and other SDOs. The use of a formatCode from the FormatCodes value set specifies the technical format that a document conforms to. The formatCode is a further specialization more detailed than the mime-type. The formatCode provides sufficient information to allow any potential document content consumer to know if it can process and/or display the content of the document based on the document encoding, structure and template conformance indicated by the formatCode. The set of formatCodes is intended to be extensible. The Content Logical Description is defined intentionally to permit formatCodes defined by other Standards Development Organizations to be added by inclusion of additional formatCode Code Systems.","StructureDefinition/us-core-adi-documentreference,StructureDefinition/us-core-documentreference","THO (V3),Other"
http://terminology.hl7.org/ValueSet/v3-PurposeOfUse,3.1.0,active,"2.16.840.1.113883.1.11.20448",PurposeOfUse,PurposeOfUse,"Supports communication of purpose of use at a general level.","StructureDefinition/us-core-provenance","THO (V3)"
http://terminology.hl7.org/ValueSet/v3-ServiceDeliveryLocationRoleType,3.0.0,active,"2.16.840.1.113883.1.11.17660",ServiceDeliveryLocationRoleType,ServiceDeliveryLocationRoleType,"A role of a place that further classifies the setting (e.g., accident site, road side, work site, community location) in which services are delivered.","StructureDefinition/us-core-location,StructureDefinition/us-core-servicerequest","THO (V3)"
http://terminology.hl7.org/ValueSet/v3-SubstanceAdminSubstitutionReason,3.0.0,active,"2.16.840.1.113883.1.11.19377",SubstanceAdminSubstitutionReason,SubstanceAdminSubstitutionReason,"***No description***","StructureDefinition/us-core-medicationrequest,StructureDefinition/us-core-medicationdispense","THO (V3)"
http://terminology.hl7.org/ValueSet/v3-TribalEntityUS,4.0.0,active,"2.16.840.1.113883.1.11.11631",TribalEntityUS,TribalEntityUS,"INDIAN ENTITIES RECOGNIZED AND ELIGIBLE TO RECEIVE SERVICES FROM THE UNITED STATES BUREAU OF INDIAN AFFAIRS","StructureDefinition/us-core-tribal-affiliation","THO (V3)"
http://terminology.hl7.org/ValueSet/v3-USEncounterDischargeDisposition,3.0.0,active,"2.16.840.1.113883.1.11.19453",USEncounterDischargeDisposition,USEncounterDischargeDisposition,"***No description***","StructureDefinition/us-core-encounter","THO"
http://terminology.hl7.org/ValueSet/v3-UnitsOfMeasureCaseSensitive,3.0.0,active,"2.16.840.1.113883.1.11.12839",UnitsOfMeasureCaseSensitive,UnitsOfMeasureCaseSensitive,"**Description:** All units of measure.","StructureDefinition/us-core-smokingstatus","UCUM"
